RollNo,Name,Python,Java,DBMS,OS,DMS,Python_Att,Java_Att,DBMS_Att,OS_Att,DMS_Att,FinalMarks
25881A0566,VARALA ABHISHEK,82,75,88,71,80,92,85,90,76,88,81.94342830602247
25881A0567,IBRAHIM AHMED,74,81,79,85,77,88,91,86,90,84,81.07347139765764
25881A0568,G AKASH,91,87,84,89,93,95,92,90,94,96,91.24537707620138
25881A0569,ETTIREDDY AKSHAY REDDY,68,72,75,70,73,82,85,88,80,84,77.69605971281604
25881A0570,NANAPURAM ANAND GOUD,85,79,82,88,80,94,89,92,91,87,84.28169325055333
25881A0571,NALAM ANANYA,78,84,81,76,86,90,93,88,85,94,82.78172608610164
25881A0572,THAMMADI ANANYA SHARON,92,89,95,87,91,96,94,97,92,95,94.95842563101478
25881A0573,PILLI ARJUNTEJA,71,68,74,79,72,83,80,85,88,82,77.03486945830582
25881A0574,ATHREYA PATWARI,88,91,85,90,87,95,96,92,94,91,88.61105122813011
25881A0575,VARIGANTI BHARADWAJ,76,73,81,78,75,87,84,90,86,88,80.28512008717192
25881A0576,PULIPATI BHARATHA SIMHA,64,69,72,67,70,78,82,80,76,84,70.37316461437509
25881A0577,GODALA CHARAN KUMAR REDDY,81,77,86,83,79,91,88,93,89,90,82.51854049285949
25881A0578,KADAMANCHI DEEPAK,73,76,69,74,71,84,87,81,85,80,75.78392454313206
25881A0579,GAURAV,58,64,61,67,55,72,78,75,80,70,60.6734395106844
25881A0580,SIRIPURAM HARINI,89,93,91,86,94,96,97,95,92,98,88.40016433497392
25881A0581,MANAVAPATI HARISH,77,82,75,80,78,88,90,84,87,89,79.57542494151805
25881A0582,MOHAMMED IBRAHIM,83,79,88,81,85,91,86,94,89,92,82.97433775933115
25881A0583,BHUKYA JASHWANTH,69,72,66,75,70,80,84,78,86,82,73.92849466519056
25881A0585,ARALA KANDHADI AYUSH REDDY,94,90,92,88,95,97,95,96,94,98,91.03395184895757
25881A0586,GANGAM KARTHIK,75,71,78,73,76,86,82,89,84,87,74.52539259732941
25881A0587,BOGALA KARTHIKA,86,88,83,90,85,93,95,91,96,92,91.08129753784311
25881A0588,GUNJI KASTURI,79,74,82,77,81,89,85,90,83,88,80.24844739902692
25881A0589,DOMA KEERTHANA,91,86,89,92,88,96,94,95,97,93,90.78505640937585
25881A0590,MEDIPALLY KIRAN,67,70,73,65,69,79,81,84,77,80,68.80050362757308
25881A0591,ANANTHULA KISHORE,82,85,80,78,84,90,92,87,85,91,82.51123455094962
25881A0592,LAKSH MEHTA,73,79,76,81,74,84,89,86,90,83,79.27184517941973
25881A0593,SANATHANA LAXMI BHAVYA,88,92,87,90,91,95,97,93,96,94,88.64801284515538
25881A0594,NIRUKANTI MANI CHARAN,70,67,74,72,69,81,79,85,83,80,73.95139603669135
25881A0595,EDIGI MANIKANTA,84,80,86,82,78,92,88,91,89,86,82.59872262016239
25881A0596,L K MANITH SINGH,61,65,68,63,66,76,80,78,74,81,67.31661250041344
25881A0597,USHAM MANOJ REDDY,78,83,80,85,82,89,93,88,91,90,82.5465867755412
25881A0598,NIDAGANTI NAG NIKHIL,90,85,88,91,87,94,92,96,95,93,93.35455636901789
25881A0599,NADIMINTI NANDINI,93,91,89,94,92,97,96,95,98,97,92.97300555052414
25881A05A0,MUTHYALA NAVADEEP REDDY,72,75,70,78,73,84,86,82,88,80,74.08457814208819
25881A05A1,KERELLY NIHALINI REDDY,85,88,90,83,87,93,95,94,89,92,89.74508982420637
25881A05A2,NOMULA NISHITHA,79,81,77,84,80,91,88,86,92,89,80.00831270005796
25881A05A3,KALLURI PALLAVI,87,90,85,88,91,95,94,92,96,93,90.06772719000952
25881A05A4,KESARI PAVAN KUMAR REDDY,68,74,71,69,76,82,86,80,84,88,70.78065975224044
25881A05A5,VADALA PAVAN,81,76,79,84,80,90,87,89,92,86,79.54362790220314
25881A05A6,PRADYUMN MARGAM,74,78,82,73,77,85,89,91,81,87,79.64372247173824
25881A05A7,BAIROJU PRANAY CHARY,89,84,91,87,90,94,92,96,93,95,91.12693315999083
25881A05A8,KINDIGERI PRAVEEN,65,70,67,72,69,78,83,80,85,81,72.14273656237994
25881A05A9,ANUGULA RAKESH YADAV,80,83,78,85,81,89,91,86,94,88,83.21870343522352
25881A05B0,RAMAVATH RAMYASREE,92,88,94,90,91,97,95,98,94,96,91.64779260882142
25881A05B1,KONIDANA REVANTH MANIKANTHAN,77,74,81,79,76,86,84,89,87,85,76.64295601926516
25881A05B2,PALAKURLA RUTHVIK,86,82,88,84,80,92,90,94,91,88,84.31031158321058
25881A05B3,VORUGANTI SAHASRA,90,94,92,89,95,96,98,97,95,99,92.32872245808042
25881A05B4,BUYYANI SAI MYTHRI,83,87,85,81,89,93,95,91,90,94,89.01424445243784
25881A05B5,PULIKONDA SAI CHARAN,71,69,75,73,70,82,79,86,84,80,74.93723657913692
25881A05B6,KANDUKURI SANJANA,88,85,91,87,90,94,93,96,92,95,86.12391968927454
25881A05B7,KALVA SHASHANK,76,80,73,78,81,85,89,83,88,91,80.64816793878958
25881A05B8,MANETI SHASHIDHAR REDDY,84,79,86,82,88,91,87,93,89,94,84.77983543916736
25881A05B9,ANDE SHIRISHA,91,93,88,90,94,96,97,92,95,98,90.9461559993881
25881A05C0,MARATI SHIVA CHARAN,69,73,71,76,68,81,85,79,87,78,75.27335257768175
25881A05C1,MARYALA SPOORTHI,87,89,92,85,90,94,96,95,91,93,91.9619990449919
25881A05C2,VEERLAPALLY SPOORTHI,80,84,78,82,86,89,92,85,90,94,85.86256023823239
25881A05C3,SIRUMALLA SRICHAITHANYA,93,95,91,94,92,98,97,96,99,98,92.47156495355473
25881A05C4,BOINI SRIHARSHA,75,78,80,74,77,84,88,86,82,89,78.43157524829756
25881A05C5,B TANVI,89,86,90,88,91,95,94,97,93,96,91.01252686280712
25881A05C6,KANKANTI VAISHALI,82,88,84,86,89,91,95,90,94,92,89.4010902542447
25881A05C7,KUSUMA VEEKSHITHA,78,75,81,79,83,87,84,91,86,90,80.34165152430943
25881A05C8,HAKEEM VENKAT HARSHITH,66,71,68,74,70,80,83,78,85,82,72.37868204667237
25881A05C9,ADDANKI VIJAY KUMAR,85,81,87,83,86,92,89,94,90,91,83.88733005198796
25881A05D0,BHUVANAGIRI VINAY,73,68,76,71,74,84,80,87,82,85,72.80758675183866
26885A0508,YARAPU AKSHITHA,88,91,86,89,92,94,96,93,95,97,92.2750516447884
26885A0509,DANDEBOINA NITHIN,79,82,77,84,80,88,91,85,92,87,85.16248005714165
26885A0510,AVULA RAKESH,91,87,90,85,88,95,93,96,91,94,89.45597975683934
26885A0512,G SHRAVYA,84,89,83,87,90,92,95,91,94,96,90.35706579578404
26885A0513,C SRUTHI,86,92,88,90,85,94,97,93,95,91,90.37327205009528
26885A0514,G VARUN KUMAR REDDY,72,76,70,78,74,83,86,80,89,84,75.30976049078974
